id,email,password_digest,created_at,updated_at,user_id,user_type
1,admin@duke.com,$2a$10$s/NU8G02ZbxQvjyoFOIjDuxmhef8D/73NH2Tuv5uarn4SzbEioDky,2015-03-29 21:35:27.697124,2015-03-29 21:35:27.697124,1,Organization
2,admin@unc.com,$2a$10$hy4l4vN00C.fn/m53557KemlWlcs2eo0xCDweaS/YA23xT4KKAVPK,2015-03-29 21:36:44.578124,2015-03-29 21:36:44.578124,2,Organization
3,admin@wfbmc.com,$2a$10$uJ.LXYCCy4qpNC.OBpVugObYfIJ/Xy7.n2eIHNY2VDZIowUjc5Q0q,2015-03-29 21:38:49.037997,2015-03-29 21:38:49.037997,3,Organization
4,admin@ucaurora.com,$2a$10$LttyACCUOwAczgaDqSuSWO8qkwmAJaF2qs/QvXmJ378BqfwyjmhNW,2015-03-29 21:40:39.782426,2015-03-29 21:40:39.782426,4,Organization
5,admin@johnshopkins.com,$2a$10$q50W0HZAxnPu4us7l82qWuxLNeUcMKzzh6GdutWTr3/zZfB6zmlLy,2015-03-29 21:41:41.715964,2015-03-29 21:41:41.715964,5,Organization
6,admin@ucla.com,$2a$10$DKIEoGrvnuZ7QyzAx9HzaO0ch9boSMTLKB6YwcgtMvlUMAQFDR.E.,2015-03-29 21:45:06.322744,2015-03-29 21:45:06.322744,6,Organization
7,admin@vanderbilt.com,$2a$10$jPGboTEX8WoTrcWeruYzNucf01d4S9oSmti9wbrM8g0xxnPMPRHEG,2015-03-29 21:46:17.071363,2015-03-29 21:46:17.071363,7,Organization
8,admin@nyu.com,$2a$10$LfbR6wPYoyV9hwY4x92jb.VMtICgeqagPtRRvlgDiZTs.XTYFm3EW,2015-03-29 21:48:05.838015,2015-03-29 21:48:05.838015,8,Organization
9,liz@nyu.com,$2a$10$lQ5TMRdLaanY4XzfQAPh6eVigILmGEn1kQ/5naR71auOKcqMdBOe2,2015-03-29 21:51:53.035956,2015-03-29 21:51:53.035956,1,Doctor
10,jack@nyu.com,$2a$10$eU4eokGM.7y6UvmLgu57VeK4ovcOav00kmwcEk0U1J.iACc9HadMC,2015-03-29 21:52:30.092419,2015-03-29 21:52:30.092419,2,Doctor
11,tracy@nyu.com,$2a$10$ydlyCWZ7BemJ.DGhmKyXXe64C8Lt4AmEEJqhZd2Zg9PzLV0vr0NzG,2015-03-29 21:52:43.380084,2015-03-29 21:52:43.380084,3,Doctor
12,kenneth@nyu.com,$2a$10$FM/KPLGchTliQvZflE2ag.W8cJ8qHQaV/zOuyyDbdnh7wKesnCjle,2015-03-29 21:53:22.833309,2015-03-29 21:53:22.833309,4,Doctor
13,pete@nyu.com,$2a$10$yYT4h9bAEphtqUms7I1v9OEuf971gXtGe3oNC7dbL9fvVDyWwxLeG,2015-03-29 21:53:47.854008,2015-03-29 21:53:47.854008,5,Doctor
14,don@nyu.com,$2a$10$ZsFv2xeUe1Bmzo/heeFNzOBqDp8a.HCRTeWIhcS.LC60etqb5cj1e,2015-03-29 21:54:09.230097,2015-03-29 21:54:09.230097,6,Doctor
15,beeperking@nyu.com,$2a$10$ARBy3QUtklcVvLGRpaaOruEriXZNyDKalYBLi.zCjMymK8AsPwWhe,2015-03-29 21:54:44.639272,2015-03-29 21:54:44.639272,7,Doctor
16,nancy@nyu.com,$2a$10$QO8eVl26FQdLhGTAWOFH1.6AbNcrx3Ppz.01GpMEddQKJPLf7Ev1K,2015-03-29 21:55:10.88245,2015-03-29 21:55:10.88245,8,Doctor
17,jenna@nyu.com,$2a$10$eSgPhdctmHsjcrQ3IlVS6eNYqdCi0d0Jx6HxVZnMn..DFzynPaHBG,2015-03-29 21:55:51.081107,2015-03-29 21:55:51.081107,9,Doctor
18,frank@nyu.com,$2a$10$jRv9R9tYR9vfNmkODNzSYOdt45R94ACQfjZSzlpmrh1rxhT68PyTy,2015-03-29 21:56:10.136908,2015-03-29 21:56:10.136908,10,Doctor
19,jeff@ucaurora.com,$2a$10$KqrXs/alGSfm6b8o7iJbo.J8EfMdZNCcmi7ejHzcImYcDZqE3ilZ2,2015-03-29 21:56:53.713334,2015-03-29 21:56:53.713334,11,Doctor
20,abed@ucaurora.com,$2a$10$ETDzThtYOclLBZl69qDereoz9DRc4dcaD4X/5t0OpR1SPHOXPvjui,2015-03-29 21:57:08.919164,2015-03-29 21:57:08.919164,12,Doctor
21,troy@ucaurora.com,$2a$10$c0SAQYM6USlHbA9bFRFqyOqPhhrQS7EhniV4NzI3jhx3fjxCxKLpe,2015-03-29 21:57:22.573191,2015-03-29 21:57:22.573191,13,Doctor
22,annie@ucaurora.com,$2a$10$oxInrjcKN9YAU05L8cudmeRJE/0TFeG4ImSdNLeCYCQ07YbYlXnS2,2015-03-29 21:57:37.359786,2015-03-29 21:57:37.359786,14,Doctor
23,britta@ucaurora.com,$2a$10$bzkjB27wufhbdx9U8lxpLOmxtKvPRDd.Q/9in2tTeYL1ylF8G0Oi.,2015-03-29 21:57:54.084488,2015-03-29 21:57:54.084488,15,Doctor
24,shirley@ucaurora.com,$2a$10$ueiEzSd6EehcQtkzTo1u.eAN/zJa71Twcfdao5tLxXej9okS/nQQ.,2015-03-29 21:58:38.730406,2015-03-29 21:58:38.730406,16,Doctor
25,pierce@ucaurora.com,$2a$10$6BjRxmf5VpCpN1yWSuGl0OCwNyenBClFxEp29m4JuO7hSC9qrfeAC,2015-03-29 21:58:53.506792,2015-03-29 21:58:53.506792,17,Doctor
26,dean@ucaurora.com,$2a$10$65lP3/1IEo3c0FPPbo1HJu0X9cq2VsJWXeLkb8dL2Gn1wgayQziYC,2015-03-29 21:59:05.970125,2015-03-29 21:59:05.970125,18,Doctor
27,ben@ucaurora.com,$2a$10$1bkDqYZ.A0d1HG9Q/HkLVeBwV6KVola7m7FzGFtMzJlY/SAK26Nry,2015-03-29 21:59:15.834196,2015-03-29 21:59:15.834196,19,Doctor
28,ian@ucaurora.com,$2a$10$nZ8j.SZ9jDWVBRnP0Z1WDefpVD7zQeCQm6fvq.6aZWWDa0D0Qtm5q,2015-03-29 21:59:29.160614,2015-03-29 21:59:29.160614,20,Doctor
29,starburns@ucaurora.com,$2a$10$k6ArLG9kFYLG/7PIXNMYgO/MlbngiAZnwTGBuQ5E/iD8cGg3u9lJi,2015-03-29 21:59:47.77663,2015-03-29 21:59:47.77663,21,Doctor
30,buzz@ucaurora.com,$2a$10$PilaNCCnfZ8XVy1dpzDLlub5JKviq6Kp3znTTKtJRzJwgkrFmk0lO,2015-03-29 22:00:03.307642,2015-03-29 22:00:03.307642,22,Doctor
31,leonard@ucaurora.com,$2a$10$19XaRAF/6AjtGgiRia9ICOoBdJaUVmsVNKDykrkB57AF4O9tp7rBC,2015-03-29 22:00:21.598948,2015-03-29 22:00:21.598948,23,Doctor
32,michael@ucla.com,$2a$10$zx0S2WbmD1E3F47UA5OPk.Ma6gwqkGoNlHxmkWkS9CICimsuoN8uu,2015-03-29 22:01:09.887986,2015-03-29 22:01:09.887986,24,Doctor
33,jwalt@ucla.com,$2a$10$.yIpRjobPcA/IEykoxlXbOrTtnRMnVvBIu2TSKtJG5hDTz3ba3hX2,2015-03-29 22:01:55.324601,2015-03-29 22:01:55.324601,25,Doctor
34,george@ucla.com,$2a$10$yTmXmUZa5VKUpUE0TMEQWOsvaeXWGwiP1nH0bMpYmW8zqOncmLf4.,2015-03-29 22:02:55.91442,2015-03-29 22:02:55.91442,26,Doctor
35,tobias@ucla.com,$2a$10$stVjNpfesVh2/RC2qfwfOeqXyr/Vfm5cLWTYseJCg7QMryUVJ35wu,2015-03-29 22:03:16.853573,2015-03-29 22:03:16.853573,27,Doctor
36,maebe@ucla.com,$2a$10$iY5oWNgn3vguE6M5WQWVEOWAkbDLR.Y66st.OK2TWed9bjNJyCSZG,2015-03-29 22:03:40.448137,2015-03-29 22:03:40.448137,28,Doctor
37,georgemichael@ucla.com,$2a$10$34JTv7eyg6Led0FrRo4YdOINqmSAYQ74HDNJHo0Aa3ZFuI.YBJ6Vq,2015-03-29 22:04:02.65424,2015-03-29 22:04:02.65424,29,Doctor
39,her@ucla.com,$2a$10$gFk.d6NpGwRWfSh0SdrxH.QCyQ074PK9FRV4Y8WWTgYex3NEF4DLW,2015-03-29 22:05:09.367068,2015-03-29 22:05:09.367068,31,Doctor
40,unclejack@ucla.com,$2a$10$BVWoGnaAyCx4ZoQq1SWxJup1ccTiVLjaOZVSrGT501FYvfPGSPpby,2015-03-29 22:05:43.067448,2015-03-29 22:05:43.067448,32,Doctor
41,hesverygood@ucla.com,$2a$10$omhoM6bvfr4EfbcZkDIb0u4tdWUoFxUK3CW6pdQfRALLrOGZXOAfG,2015-03-29 22:06:11.270424,2015-03-29 22:06:11.270424,33,Doctor
42,lawbomb@ucla.com,$2a$10$Edd0AvOhZifH6ciAxtZ5aOduEajIu/esbJzdAojD2n.PzsRQ55JGa,2015-03-29 22:06:24.814313,2015-03-29 22:06:24.814313,34,Doctor
43,gob@ucla.com,$2a$10$KINx6imd8emY8Tx5bfCj8.G1Bzcl0.DRXmEW8vXGnN9oXsSV/1h3O,2015-03-29 22:06:44.344449,2015-03-29 22:06:44.344449,35,Doctor
44,buster@ucla.com,$2a$10$cNs8mjampSfptt8eL5I8TO9.RsQ4hXH7gEtkKzjsDfB8HVipmrTbm,2015-03-29 22:06:54.822983,2015-03-29 22:06:54.822983,36,Doctor
45,lucille@ucla.com,$2a$10$aGVQ7Sp14TO8qJme9h0CqOMNZzLtBH3wMpKuKWvovwuBDtE4hVc3e,2015-03-29 22:07:09.543302,2015-03-29 22:07:09.543302,37,Doctor
46,lucille2@ucla.com,$2a$10$sq8cMB/pSNTNIL20wDVH1ecDGvZz8UTrO7mSr9JaCvgSzy.dJ1tL6,2015-03-29 22:07:23.247495,2015-03-29 22:07:23.247495,38,Doctor
47,ben@duke.com,$2a$10$L7FdpdoIt.usvRqFQ2RLgOacB6qPwsUG.f.coT42odSaHC446nscm,2015-03-29 22:07:56.486863,2015-03-29 22:07:56.486863,39,Doctor
48,ashley@duke.com,$2a$10$mRRNR.v/XS6jiU3Tc5kAseTc04tmMPhrN9D6AxrTs.QCADyRIqKuK,2015-03-29 22:08:08.111593,2015-03-29 22:08:08.111593,40,Doctor
49,maria@duke.com,$2a$10$OIjsz/EPVT.tXhowyj5ow.F9wXXNlDaFKZVpT1jR/dd1YFlLKegsO,2015-03-29 22:08:18.923348,2015-03-29 22:08:18.923348,41,Doctor
50,nick@duke.com,$2a$10$jtVu75DODUlJ4QXS4b2wIOxCdEKmE7AVuLjy4le4LuzG4zyLNsad6,2015-03-29 22:08:37.937673,2015-03-29 22:08:37.937673,42,Doctor
51,clinton@duke.com,$2a$10$hN97bxq5E34yMEg27xQjBOCDXrfZ7qNCjM17lcuwf82upR2GyZAni,2015-03-29 22:08:52.888445,2015-03-29 22:08:52.888445,43,Doctor
52,chris@duke.com,$2a$10$NWHrfjnBMzl/v1nCydVODurz9M2tfCBvMce/km5/QRKQaqfC5QLue,2015-03-29 22:09:05.064443,2015-03-29 22:09:05.064443,44,Doctor
53,mason@duke.com,$2a$10$IPAdivl6Jc0mqR9cYYveoeVkcp7lIdoLFQfCbE5tfxFYDVareCEem,2015-03-29 22:09:16.255494,2015-03-29 22:09:16.255494,45,Doctor
54,kelly@duke.com,$2a$10$SdCz1OXkxF28lFIZZvZ22uSBiSy4bls2V9px63yA54kqcYhxlAyti,2015-03-29 22:09:39.291349,2015-03-29 22:09:39.291349,46,Doctor
55,lauren@duke.com,$2a$10$SjH2C73m8GYIoZmmSkhjV.uKdhs/97CNo6dwj5VFcbWlVjaPN45oW,2015-03-29 22:10:11.730134,2015-03-29 22:10:11.730134,47,Doctor
56,barrel@duke.com,$2a$10$w0xayPosWXZX1xMhU.BV2ODAVTV2ZpE5lahgPhRw4MUpSMe4c/EX.,2015-03-29 22:10:41.028808,2015-03-29 22:10:41.028808,48,Doctor
57,ada@duke.com,$2a$10$tz/GKmMvh/YJDGVRVi1PiezQP2HHuuioQykitxd1TMp9zrIw9u99S,2015-03-29 22:10:55.382497,2015-03-29 22:10:55.382497,49,Doctor
58,sully@duke.com,$2a$10$dVs0x8P3fns0f19qktM7ye2DvDskxwHLeL5d9zBy1qC0HTMd2nnem,2015-03-29 22:11:13.587157,2015-03-29 22:11:13.587157,50,Doctor
59,jessica@duke.com,$2a$10$6FnEUeBll1.HoVV/l0IrheR2vzWWtDMDjIzCidwBLAtruVhDQhhoi,2015-03-29 22:11:28.36232,2015-03-29 22:11:28.36232,51,Doctor
60,jimmy@johnshopkins.com,$2a$10$vny2/55UIiwDPPG4hP/Y8e3cAktBGbt1CuI05E.aPP00Tg2mehECK,2015-03-29 22:12:53.285073,2015-03-29 22:12:53.285073,52,Doctor
61,cedric@johnshopkins.com,$2a$10$x4qYHWDchutzVMCTO7HFR.MqGK78MxDK6sb6L/wYmHbzHCdaUsFMK,2015-03-29 22:13:07.298924,2015-03-29 22:13:07.298924,53,Doctor
62,avon@johnshopkins.com,$2a$10$0mTUoEmWPDK/1fBvTULETesOiCogNsGcUrpOpGhGKTKFHUvZNtNga,2015-03-29 22:13:21.578075,2015-03-29 22:13:21.578075,54,Doctor
63,bunk@johnshopkins.com,$2a$10$NsUdT5uQx14xRiez6bo13ejx6dCPs9JpAC0Pkf/mKbrJ/yUSheoce,2015-03-29 22:13:34.609208,2015-03-29 22:13:34.609208,55,Doctor
64,stringer@johnshopkins.com,$2a$10$Ox5mZEH1qaUesBryY4cN9e3Cvy0oLUsLDyb77FCyxj8Fg1AL3rMIi,2015-03-29 22:13:52.494324,2015-03-29 22:13:52.494324,56,Doctor
65,kima@johnshopkins.com,$2a$10$KgWp8IeN22UcvyWYBNjK.Ox4aZBrfaLnt.AQc7hfrxPyECvEkTN4m,2015-03-29 22:14:06.025241,2015-03-29 22:14:06.025241,57,Doctor
66,bubbles@johnshopkins.com,$2a$10$3Tq1vCGdBbqqSUMpk2Si6eo9LplVcHymzLeJupmy3uW/AbgLzXU4q,2015-03-29 22:14:29.09833,2015-03-29 22:14:29.09833,58,Doctor
67,lester@johnshopkins.com,$2a$10$Cuwbu492LIp4QMKan2YSY.m8n03uywHaYuzxojpYDMgE62HjSev9O,2015-03-29 22:14:49.406791,2015-03-29 22:14:49.406791,59,Doctor
68,omar@johnshopkins.com,$2a$10$EPT3Nc.90BoHZsh4efHrtedXTj/y45w7nigBg5XLngCif1b2kqrBi,2015-03-29 22:15:03.890226,2015-03-29 22:15:03.890226,60,Doctor
69,marlo@johnshopkins.com,$2a$10$CVsxrhsHTZPMOzSj7ucoSO4zXTGDRp1ObjAsZczTgftPT3r/cRDTi,2015-03-29 22:15:24.869172,2015-03-29 22:15:24.869172,61,Doctor
70,tommy@johnshopkins.com,$2a$10$H1q4hLI7lfkiYEQHHOnXaOSArIZbRNqMZSKU90qjMLkHLUYFq37uu,2015-03-29 22:15:49.796597,2015-03-29 22:15:49.796597,62,Doctor
71,prez@johnshopkins.com,$2a$10$cKFq8nM/wqhY2ZY7mVy3aOawB1t5SwILeHwEP4eD7ulqXpXVNQ1KS,2015-03-29 22:16:23.259223,2015-03-29 22:16:23.259223,63,Doctor
72,carver@johnshopkins.com,$2a$10$5I1Eoh3j.mVEJUErf2cO..QlhnAxDD.R7CVzwEypEU.I67m3FsALS,2015-03-29 22:16:39.574988,2015-03-29 22:16:39.574988,64,Doctor
73,chris@unc.com,$2a$10$eS09GQ49VvK2Vdw/vlqHTuQX/K1ACYu88mNVof67AMTCTxXhj8cWK,2015-03-29 22:17:36.606236,2015-03-29 22:17:36.606236,65,Doctor
74,tim@unc.com,$2a$10$wtN0.UvLJ.fvyTu52DxF5.AjYSZedFYKd0fL/tuVJ4NW9iJCsjY8O,2015-03-29 22:17:47.807786,2015-03-29 22:17:47.807786,66,Doctor
75,ryan@unc.com,$2a$10$k3JROJmMkjA1mJrwWIc0t.WSQRIsgtmson/JcuQXaTn3Jbnbm7H.W,2015-03-29 22:18:03.967807,2015-03-29 22:18:03.967807,67,Doctor
76,berti@unc.com,$2a$10$oxCLSkczvU/CYQfoxe3lY.3esIz3VdVvB2FchUe42u6k1VINRINfW,2015-03-29 22:18:29.963681,2015-03-29 22:18:29.963681,68,Doctor
77,littlelaura@unc.com,$2a$10$ujLOzhonWSQfIo4CjVXTYesd/T3olHwnH.h5zLVDx7HPFsC018hR6,2015-03-29 22:18:47.350603,2015-03-29 22:18:47.350603,69,Doctor
78,jennay@duke.edu,$2a$10$fTej4mtCjEkf0BTmQ6zucuJ6jIkb3Ika4YpkD.uAHijlABoITg1Hy,2015-03-29 22:19:06.593484,2015-03-29 22:19:06.593484,70,Doctor
79,enrique@unc.com,$2a$10$QWjTSIItzMZWToXoxYXbk.O0zMVEyuMjD1BLxmoeR9RV1iekGNGN2,2015-03-29 22:19:22.180183,2015-03-29 22:19:22.180183,71,Doctor
80,mauri@unc.com,$2a$10$m.lWgbL.pbpnvXyuKKAPk.xz3sud/i8SgIidZW.1O0UbBpPIeD0n2,2015-03-29 22:19:35.17224,2015-03-29 22:19:35.17224,72,Doctor
81,keef@unc.com,$2a$10$lcjxRjqZ2x3BBKnmafnWeupNrF7lzOctdUizOBiXWSZRBu.Ew16Lu,2015-03-29 22:19:49.975572,2015-03-29 22:19:49.975572,73,Doctor
82,meggy@unc.com,$2a$10$/7P4Nroc2MeZfhbXHoztUucRGfHO/ZOgnE0c9mTjz37jcbG6ERpFi,2015-03-29 22:19:59.826858,2015-03-29 22:19:59.826858,74,Doctor
83,keith@unc.com,$2a$10$2sPbtG/qlGlJi9/x9j2RVO6m7pxGxie9V.1GbZmrA4V9WEUuS0E36,2015-03-29 22:20:12.410515,2015-03-29 22:20:12.410515,75,Doctor
84,sandy@ncsu.edu,$2a$10$jDJ7tZU1c6RWuQFnsuU1eOxbwo7nbzsJ7kj93tBXsLNQXnzCQ2ugi,2015-03-29 22:20:30.700574,2015-03-29 22:20:30.700574,76,Doctor
85,tim@wfbmc.com,$2a$10$Z9yu/qcrkvLftU7VxVBHrufubDhuyOH/S2mgNwSAuxADiVpcqinXq,2015-03-29 22:21:17.330697,2015-03-29 22:21:17.330697,77,Doctor
86,bernardog@wfbmc.com,$2a$10$mPeb694oXygsBbhs.XC1Her7DNgD73zYH395GbNoD4bfm3SdKbTOG,2015-03-29 22:21:38.573932,2015-03-29 22:21:38.573932,78,Doctor
87,tom@wfbmc.com,$2a$10$oSeVot8cXQO3Hln0GIebHuRcsZYhJ.kB6O2Ws3.GIB0KPPG6qY.8.,2015-03-29 22:21:52.267682,2015-03-29 22:21:52.267682,79,Doctor
88,zach@wfbmc.com,$2a$10$HwA93MFBK6uhZAgzJcKc/Of2u129n49bs4ClcBHJCEsRwd/Hghl.K,2015-03-29 22:22:11.366319,2015-03-29 22:22:11.366319,80,Doctor
89,bobby@wfbmc.com,$2a$10$.Y53iuc2AELXLQkiKeQHyO8klvKHZNERHlX9lfEdyNU6P2qewXttS,2015-03-29 22:22:30.93559,2015-03-29 22:22:30.93559,81,Doctor
90,kgk@wfbmc.com,$2a$10$EhU9xcMH3zfGQh/OwgxZR.Uy8LlmP.HQisdYJqTJ.Ry1blQbTSoiG,2015-03-29 22:22:48.509036,2015-03-29 22:22:48.509036,82,Doctor
91,paget@wfbmc.com,$2a$10$HebnmzDZ/go9VweXsWwvzuJARrHcXMCkhbyhclx9UdKNenrmSiNWK,2015-03-29 22:23:25.45193,2015-03-29 22:23:25.45193,83,Doctor
92,ashley@wfbmc.com,$2a$10$HTb/9AHVzUFBolK.UfudRuHILgf6fOUDFxx8qvUw6pbQCWO1InMru,2015-03-29 22:23:39.933535,2015-03-29 22:23:39.933535,84,Doctor
93,elisha@wfbmc.com,$2a$10$rVvhOzkMqOuZmoc50jjMceFX3EQbLYKuSm9N0/JKEo8lOSvMrvO.S,2015-03-29 22:23:54.859202,2015-03-29 22:23:54.859202,85,Doctor
94,amplord@wfbmc.com,$2a$10$vAJaQ3oE336r4S6i4LtWdeUXNnErV/ua.xPbNpswhvy6IT5fk4AtK,2015-03-29 22:24:33.606815,2015-03-29 22:24:33.606815,86,Doctor
95,todd@wfbmc.com,$2a$10$0d8HWoReUPfYHpum6PuB1esx/UWfCLatDlnx345te9DcFkimzTSRa,2015-03-29 22:24:54.487151,2015-03-29 22:24:54.487151,87,Doctor
96,lydiae@wfbmc.com,$2a$10$mScnxb57a3DNZCOjZskeHO/gNOfiKk7lMAYzhOqvvDpo9hd/yyO8q,2015-03-29 22:25:25.978087,2015-03-29 22:25:25.978087,88,Doctor
97,akita@wfbmc.com,$2a$10$c.qAswOe1KMpF/OjVzm7leouv9JBtbYp2rcQSgz0MZPkEdLmIBH3C,2015-03-29 22:25:46.583861,2015-03-29 22:25:46.583861,89,Doctor
98,james@vanderbilt.com,$2a$10$NXoX43MawovUljJi6FWLAuigdiJ1fjZOkosbJSirJog3FTvwrGgCm,2015-03-29 22:26:46.490325,2015-03-29 22:26:46.490325,90,Doctor
99,dave@vanderbilt.edu,$2a$10$x3WPjDx5MkLpBKgR3zBkmu1roB40XdS/smej97qi9BPA2ruF5l49u,2015-03-29 22:27:00.558437,2015-03-29 22:27:00.558437,91,Doctor
100,cooter@vanderbilt.com,$2a$10$j3toHkPJI89xqUWQXR7rJ.yuvIPFi0lACLK9TbAzPQqVF6RPPzO.a,2015-03-29 22:27:13.504281,2015-03-29 22:27:13.504281,92,Doctor
101,graham@vanderbilt.com,$2a$10$9NOxwLBiGZm7DxxpWER8ReWyJrPhtMnFSs8SYlzfCYCtFJC8rxp2i,2015-03-29 22:27:31.580653,2015-03-29 22:27:31.580653,93,Doctor
102,davey@vanderbilt.com,$2a$10$VLK8.AfPo1dUkb4CkRUvMOeFCmafu4vvzfMW6l8o9H/fSVDOsaVwy,2015-03-29 22:27:46.23923,2015-03-29 22:27:46.23923,94,Doctor
103,djsolo@vanderbilt.com,$2a$10$t8cYbHV7sawttI4muypSCe6brw..JLR9BIiKQMnEmQveDCvBTMv4S,2015-03-29 22:28:15.633519,2015-03-29 22:28:15.633519,95,Doctor
104,murderith@vanderbilt.com,$2a$10$NNhJyIShO.gm0X8fu5i7kOoz2lzu6.JVZwELh7kk5pXCA6I.DPjpq,2015-03-29 22:28:37.914176,2015-03-29 22:28:37.914176,96,Doctor
105,max@vanderbilt.com,$2a$10$inEnfJ5mLxC/rCgHsg4hz.T7p9FaqNXmKqQJyWOWYhsylpu8pEbg2,2015-03-29 22:29:00.086306,2015-03-29 22:29:00.086306,97,Doctor
106,esc@vanderbilt.com,$2a$10$ELNHTqpXL7Y1jCx6IsSaE.d6XvP2w7OiyVVUKrQNECgVvn96Deg1i,2015-03-29 22:29:13.38458,2015-03-29 22:29:13.38458,98,Doctor
107,merritt@vanderbilt.com,$2a$10$GOB6feqaq/E5TsePZc41su8APjh3XrDCAPZVGAuMfyFQy0SksiHBi,2015-03-29 22:29:24.80138,2015-03-29 22:29:24.80138,99,Doctor
108,bangbot@vanderbilt.com,$2a$10$CfXno0LoBHeJHi12SgCSKuyvIV4n9hebtsChUFz7rMorfftiFiqSy,2015-03-29 22:29:44.560168,2015-03-29 22:29:44.560168,100,Doctor
109,donnie@vanderbilt.edu,$2a$10$S0ZJKCdvyoamFo/XGuNSkeCKVQNqbAFk1x7ednFg6pVom3CSA9dNu,2015-03-29 22:29:57.986674,2015-03-29 22:29:57.986674,101,Doctor
